dog_time,cat_time,manul_time,price,dog_index,cat_index,manul_index,pair_start_time,pair_start_price,pair_end_time,pair_end_price,timeframe
2025-09-11 09:05:00,2026-05-20 13:20:00,2025-12-04 02:30:00,106808.8125,1757545500,1779247200,1764779400,2024-08-05 18:00:00,52701.91015625,2024-12-17 18:00:00,106808.8125,1h
2025-09-08 21:05:00,2026-01-31 11:50:00,2025-10-27 02:00:00,76677.5,1757329500,1769824200,1761494400,2025-01-20 18:00:00,107113.953125,2025-04-07 22:00:00,76677.5,1h
2025-08-23 05:05:00,2025-11-17 09:20:00,2025-09-20 22:30:00,111115.3125,1755889500,1763335200,1758371400,2025-04-07 14:00:00,77698.90625,2025-05-23 14:00:00,111115.3125,1h
2025-02-20 13:05:00,2025-04-09 21:50:00,2025-03-08 16:00:00,94420.7734375,1740020700,1744199400,1741413600,2024-12-05 10:00:00,98588.78125,2024-12-31 06:00:00,94420.7734375,1h
2026-01-16 09:05:00,2026-02-20 07:20:00,2026-01-28 00:30:00,92684.15625,1768518300,1771536000,1769524200,2025-11-21 18:00:00,84056.90625,2025-12-10 10:00:00,92684.15625,1h
2025-12-08 13:05:00,2025-12-14 17:20:00,2025-12-10 14:30:00,85006.03125,1765163100,1765696800,1765341000,2025-11-28 22:00:00,91424.7421875,2025-12-02 06:00:00,85006.03125,1h
2025-12-15 01:05:00,2025-12-21 20:20:00,2025-12-17 07:30:00,89553.296875,1765724700,1766312400,1765920600,2025-12-04 10:00:00,93428.2265625,2025-12-08 02:00:00,89553.296875,1h
2026-01-06 17:05:00,2026-01-24 03:20:00,2026-01-12 12:30:00,85499.6796875,1767683100,1769188800,1768185000,2025-12-10 02:00:00,92944.1015625,2025-12-19 10:00:00,85499.6796875,1h
2025-12-30 17:05:00,2026-01-07 03:20:00,2026-01-02 04:30:00,89770.578125,1767078300,1767720000,1767292200,2025-12-19 02:00:00,88423.296875,2025-12-23 02:00:00,89770.578125,1h
2025-12-10 01:05:00,2025-12-15 06:50:00,2025-12-11 19:00:00,93384.890625,1765292700,1765745400,1765443600,2025-12-01 22:00:00,86148.203125,2025-12-04 18:00:00,93384.890625,1h
2025-11-08 05:05:00,2025-11-28 10:50:00,2025-11-14 23:00:00,105669.2265625,1762542300,1764291000,1763125200,2025-10-07 02:00:00,124986.3828125,2025-10-17 22:00:00,105669.2265625,1h
2026-01-11 17:05:00,2026-02-28 10:50:00,2026-01-27 15:00:00,82933.921875,1768115100,1772239800,1769490000,2025-10-27 14:00:00,114968.1328125,2025-11-22 02:00:00,82933.921875,1h
2026-01-14 17:05:00,2026-01-20 06:20:00,2026-01-16 13:30:00,91081.0703125,1768374300,1768854000,1768534200,2026-01-06 02:00:00,93929.6015625,2026-01-09 02:00:00,91081.0703125,1h
2026-02-11 17:05:00,2026-03-18 00:20:00,2026-02-23 03:30:00,93869.109375,1770793500,1773757200,1771781400,2025-12-19 02:00:00,88423.296875,2026-01-06 10:00:00,93869.109375,1h
2026-08-15 13:05:00,2026-09-13 05:20:00,2026-08-25 02:30:00,64967.48046875,1786763100,1789240800,1787589000,2026-06-30 22:00:00,59198.921875,2026-07-16 06:00:00,64967.48046875,1h
2025-12-13 21:05:00,2025-12-27 20:50:00,2025-12-18 13:00:00,91151.90625,1765623900,1766832600,1766026800,2025-11-21 18:00:00,84056.90625,2025-11-29 06:00:00,91151.90625,1h
2025-12-27 01:05:00,2026-01-11 21:50:00,2026-01-01 08:00:00,92651.3984375,1766761500,1768132200,1767218400,2025-12-01 22:00:00,86115.7421875,2025-12-10 10:00:00,92651.3984375,1h
2026-01-11 09:05:00,2026-01-13 04:20:00,2026-01-11 23:30:00,90747.8828125,1768086300,1768242000,1768138200,2026-01-08 18:00:00,90549.0234375,2026-01-09 18:00:00,90747.8828125,1h
2025-12-18 01:05:00,2026-02-23 11:20:00,2026-01-09 12:30:00,124668.40625,1765983900,1771809600,1767925800,2025-09-01 10:00:00,108241.9921875,2025-10-07 10:00:00,124668.40625,1h
2026-01-21 05:05:00,2026-01-25 04:50:00,2026-01-22 13:00:00,94994.078125,1768935900,1769280600,1769050800,2026-01-15 02:00:00,96768.609375,2026-01-17 06:00:00,94994.078125,1h
2026-02-03 05:05:00,2026-02-15 07:50:00,2026-02-07 06:00:00,89423.421875,1770059100,1771105800,1770408000,2026-01-15 02:00:00,96768.609375,2026-01-21 14:00:00,89423.421875,1h
2026-10-09 05:05:00,2027-05-26 19:50:00,2026-12-24 18:00:00,64111.0,1791486300,1811325000,1798099200,2025-10-07 02:00:00,124986.3828125,2026-02-06 14:00:00,64111.0,1h
2026-05-04 09:05:00,2026-08-14 19:20:00,2026-06-07 12:30:00,96901.3828125,1777849500,1786699200,1780799400,2025-11-21 18:00:00,83978.578125,2026-01-15 10:00:00,96901.3828125,1h
2026-10-07 17:05:00,2027-09-15 10:50:00,2027-01-29 23:00:00,124680.296875,1791356700,1820969400,1801227600,2025-04-07 14:00:00,77771.2109375,2025-10-07 10:00:00,124680.296875,1h
2026-05-07 17:05:00,2026-11-23 00:20:00,2026-07-13 03:30:00,124680.296875,1778137500,1795357200,1783877400,2025-06-23 02:00:00,99079.7890625,2025-10-07 10:00:00,124680.296875,1h
2026-03-10 17:05:00,2026-04-30 21:20:00,2026-03-27 18:30:00,96901.3828125,1773126300,1777548000,1774600200,2025-12-19 02:00:00,88423.296875,2026-01-15 10:00:00,96901.3828125,1h
2026-03-23 05:05:00,2026-05-04 07:50:00,2026-04-06 06:00:00,64111.0,1774206300,1777845000,1775419200,2026-01-15 02:00:00,96784.203125,2026-02-06 14:00:00,64111.0,1h
2025-04-06 17:05:00,2025-04-09 03:20:00,2025-04-07 12:30:00,83214.6015625,1743923100,1744132800,1743993000,2025-04-03 02:00:00,86735.9609375,2025-04-04 10:00:00,83214.6015625,1h
2024-12-22 13:05:00,2025-01-02 09:50:00,2024-12-26 04:00:00,95851.203125,1734836700,1735775400,1735149600,2024-12-05 10:00:00,98588.78125,2024-12-11 06:00:00,95851.203125,1h
2025-03-10 01:05:00,2025-04-30 20:20:00,2025-03-27 07:30:00,92127.7421875,1741532700,1746008400,1743024600,2024-12-17 10:00:00,106050.6171875,2025-01-14 02:00:00,92127.7421875,1h
2026-02-18 01:05:00,2026-02-22 15:50:00,2026-02-19 14:00:00,66269.84375,1771340700,1771739400,1771473600,2026-02-10 22:00:00,68549.9609375,2026-02-13 10:00:00,66269.84375,1h
2026-02-20 05:05:00,2026-02-23 06:20:00,2026-02-21 05:30:00,67908.453125,1771527900,1771791600,1771615800,2026-02-15 14:00:00,69982.5,2026-02-17 06:00:00,67908.453125,1h
2024-12-22 17:05:00,2025-01-07 21:20:00,2024-12-28 02:30:00,102450.0,1734851100,1736248800,1735317000,2024-11-27 02:00:00,92877.4921875,2024-12-05 18:00:00,102450.0,1h
2025-01-09 21:05:00,2025-01-19 04:20:00,2025-01-12 23:30:00,94479.1015625,1736420700,1737224400,1736688600,2024-12-26 06:00:00,99079.9296875,2024-12-31 06:00:00,94479.1015625,1h
2025-01-22 13:05:00,2025-02-05 20:20:00,2025-01-27 07:30:00,101742.1328125,1737515100,1738750800,1737927000,2024-12-30 22:00:00,93939.7734375,2025-01-07 14:00:00,101742.1328125,1h
2025-01-27 13:05:00,2025-02-22 09:50:00,2025-02-05 04:00:00,94479.1015625,1737947100,1740181800,1738692000,2024-12-17 10:00:00,106071.5390625,2024-12-31 06:00:00,94479.1015625,1h
2025-01-27 17:05:00,2025-03-07 09:20:00,2025-02-09 14:30:00,106768.8203125,1737961500,1741303200,1739075400,2024-11-27 02:00:00,92877.4921875,2024-12-17 18:00:00,106768.8203125,1h
2025-02-04 09:05:00,2025-02-18 01:20:00,2025-02-08 22:30:00,105253.046875,1738623900,1739805600,1739017800,2025-01-13 18:00:00,93598.7109375,2025-01-21 02:00:00,105253.046875,1h
2025-05-10 17:05:00,2025-08-21 18:20:00,2025-06-14 01:30:00,105253.046875,1746860700,1755764400,1749828600,2024-11-27 02:00:00,92877.4921875,2025-01-21 02:00:00,105253.046875,1h
2025-03-31 05:05:00,2025-06-16 22:50:00,2025-04-26 03:00:00,101711.109375,1743361500,1750078200,1745600400,2024-11-27 02:00:00,92816.9609375,2025-01-07 14:00:00,101711.109375,1h
2025-03-03 09:05:00,2025-03-29 13:20:00,2025-03-12 02:30:00,95333.0,1740956700,1743218400,1741710600,2025-01-20 18:00:00,107113.953125,2025-02-03 18:00:00,95333.0,1h
2026-02-09 01:05:00,2026-02-10 05:20:00,2026-02-09 10:30:00,69176.140625,1770563100,1770664800,1770597000,2026-02-07 10:00:00,70566.796875,2026-02-08 02:00:00,69176.140625,1h
2026-02-11 17:05:00,2026-02-13 12:20:00,2026-02-12 07:30:00,69523.6171875,1770793500,1770949200,1770845400,2026-02-09 02:00:00,71179.4296875,2026-02-10 02:00:00,69523.6171875,1h
2026-02-21 17:05:00,2026-03-01 18:20:00,2026-02-24 09:30:00,66269.84375,1771657500,1772353200,1771889400,2026-02-09 02:00:00,71198.953125,2026-02-13 10:00:00,66269.84375,1h
2026-02-19 17:05:00,2026-02-25 21:20:00,2026-02-21 18:30:00,66269.84375,1771484700,1772018400,1771662600,2026-02-10 02:00:00,69562.78125,2026-02-13 10:00:00,66269.84375,1h
2026-03-06 21:05:00,2026-03-24 22:20:00,2026-03-12 21:30:00,70307.171875,1772795100,1774354800,1773315000,2026-02-06 06:00:00,65272.33984375,2026-02-15 22:00:00,70307.171875,1h
2026-02-15 09:05:00,2026-02-21 05:50:00,2026-02-17 08:00:00,70357.09375,1771110300,1771617000,1771279200,2026-02-06 06:00:00,65272.33984375,2026-02-09 10:00:00,70357.09375,1h
2026-03-11 17:05:00,2026-03-31 00:20:00,2026-03-18 03:30:00,66415.0234375,1773212700,1774880400,1773768600,2026-02-09 02:00:00,71179.4296875,2026-02-19 10:00:00,66415.0234375,1h
2026-02-28 05:05:00,2026-03-06 01:50:00,2026-03-02 04:00:00,68545.8125,1772219100,1772725800,1772388000,2026-02-19 02:00:00,67699.5625,2026-02-22 06:00:00,68545.8125,1h
2026-03-02 13:05:00,2026-03-08 02:20:00,2026-03-04 09:30:00,63235.1484375,1772420700,1772900400,1772580600,2026-02-21 22:00:00,68088.3984375,2026-02-24 22:00:00,63235.1484375,1h
2026-03-28 05:05:00,2026-04-26 19:50:00,2026-04-07 02:00:00,63235.1484375,1774638300,1777197000,1775491200,2026-02-09 02:00:00,71198.953125,2026-02-24 22:00:00,63235.1484375,1h
2026-03-01 17:05:00,2026-03-05 01:50:00,2026-03-02 20:00:00,67976.609375,1772348700,1772639400,1772445600,2026-02-24 14:00:00,63590.62109375,2026-02-26 10:00:00,67976.609375,1h
2026-03-15 05:05:00,2026-04-01 15:20:00,2026-03-21 00:30:00,63235.1484375,1773515100,1775020800,1774017000,2026-02-15 14:00:00,69982.5,2026-02-24 22:00:00,63235.1484375,1h
2026-02-21 17:05:00,2026-03-01 18:20:00,2026-02-24 09:30:00,66269.84375,1771657500,1772353200,1771889400,2026-02-09 02:00:00,71198.953125,2026-02-13 10:00:00,66269.84375,1h
2026-03-06 05:05:00,2026-03-11 10:50:00,2026-03-07 23:00:00,63851.23046875,1772737500,1773190200,1772888400,2026-02-26 02:00:00,67398.3203125,2026-02-28 22:00:00,63851.23046875,1h
2026-03-03 17:05:00,2026-03-05 19:50:00,2026-03-04 10:00:00,67139.25,1772521500,1772704200,1772582400,2026-02-28 14:00:00,65792.859375,2026-03-01 18:00:00,67139.25,1h
2026-03-08 05:05:00,2026-03-13 03:20:00,2026-03-09 20:30:00,68958.59375,1772910300,1773336000,1773052200,2026-02-28 14:00:00,65792.859375,2026-03-03 06:00:00,68958.59375,1h
2026-03-04 21:05:00,2026-03-06 16:20:00,2026-03-05 11:30:00,68948.4375,1772622300,1772778000,1772674200,2026-03-02 06:00:00,65955.8203125,2026-03-03 06:00:00,68948.4375,1h
2026-09-26 17:05:00,2027-02-07 16:50:00,2026-11-10 09:00:00,81709.140625,1790406300,1801983000,1794265200,2026-02-24 14:00:00,63590.62109375,2026-05-07 02:00:00,81709.140625,1h
2026-02-21 05:05:00,2026-02-26 10:50:00,2026-02-22 23:00:00,70299.0,1771614300,1772067000,1771765200,2026-02-13 02:00:00,67144.4296875,2026-02-15 22:00:00,70299.0,1h
2026-10-09 05:05:00,2027-05-26 19:50:00,2026-12-24 18:00:00,64111.0,1791486300,1811325000,1798099200,2025-10-07 02:00:00,124986.3828125,2026-02-06 14:00:00,64111.0,1h
2026-02-26 17:05:00,2026-02-28 04:50:00,2026-02-27 05:00:00,64061.23046875,1772089500,1772218200,1772132400,2026-02-24 14:00:00,63579.55859375,2026-02-25 10:00:00,64061.23046875,1h
2026-02-03 05:05:00,2026-02-15 07:50:00,2026-02-07 06:00:00,89423.421875,1770059100,1771105800,1770408000,2026-01-15 02:00:00,96768.609375,2026-01-21 14:00:00,89423.421875,1h
2026-02-09 01:05:00,2026-02-10 05:20:00,2026-02-09 10:30:00,69121.65625,1770563100,1770664800,1770597000,2026-02-07 10:00:00,70349.0078125,2026-02-08 02:00:00,69121.65625,1h
2025-10-11 05:05:00,2025-10-13 22:50:00,2025-10-12 03:00:00,121392.203125,1760123100,1760359800,1760202000,2025-10-07 02:00:00,124966.34375,2025-10-08 14:00:00,121392.203125,1h
2026-03-11 09:05:00,2026-03-17 05:50:00,2026-03-13 08:00:00,72692.2734375,1773183900,1773690600,1773352800,2026-03-02 06:00:00,65955.640625,2026-03-05 10:00:00,72692.2734375,1h
2026-03-22 17:05:00,2026-04-08 04:50:00,2026-03-28 05:00:00,72672.5390625,1774163100,1775587800,1774638000,2026-02-24 14:00:00,63590.62109375,2026-03-05 10:00:00,72672.5390625,1h
2026-04-28 05:05:00,2026-06-06 12:20:00,2026-05-11 07:30:00,74554.9921875,1777316700,1780712400,1778448600,2026-02-24 14:00:00,63579.55859375,2026-03-17 14:00:00,74554.9921875,1h
2026-03-14 21:05:00,2026-03-18 13:20:00,2026-03-16 02:30:00,70034.2890625,1773486300,1773804000,1773592200,2026-03-09 06:00:00,67326.59375,2026-03-11 06:00:00,70034.2890625,1h
2026-03-18 05:05:00,2026-03-26 13:50:00,2026-03-21 00:00:00,67241.0390625,1773774300,1774497000,1774015200,2026-03-05 02:00:00,73385.9296875,2026-03-09 14:00:00,67241.0390625,1h
2026-03-23 09:05:00,2026-04-01 08:50:00,2026-03-26 09:00:00,71404.3203125,1774220700,1774997400,1774479600,2026-03-09 06:00:00,67326.59375,2026-03-14 02:00:00,71404.3203125,1h
2026-03-28 21:05:00,2026-04-14 16:20:00,2026-04-03 11:30:00,70034.2890625,1774695900,1776147600,1775179800,2026-03-02 06:00:00,65955.8203125,2026-03-11 06:00:00,70034.2890625,1h
2026-06-07 09:05:00,2026-08-22 05:50:00,2026-07-02 16:00:00,74350.0078125,1780787100,1787341800,1782972000,2026-02-06 06:00:00,65272.33984375,2026-03-18 18:00:00,74350.0078125,1h
2025-07-08 17:05:00,2026-01-15 06:20:00,2025-09-10 05:30:00,106808.8125,1751958300,1768422000,1757446200,2024-09-07 02:00:00,54048.5390625,2024-12-17 18:00:00,106808.8125,1h
2026-02-15 01:05:00,2026-02-19 23:20:00,2026-02-16 16:30:00,69523.6171875,1771081500,1771507200,1771223400,2026-02-07 10:00:00,70349.0078125,2026-02-10 02:00:00,69523.6171875,1h
2026-02-10 09:05:00,2026-02-13 02:50:00,2026-02-11 07:00:00,68052.8515625,1770678300,1770915000,1770757200,2026-02-06 06:00:00,65272.33984375,2026-02-07 18:00:00,68052.8515625,1h
2026-03-12 05:05:00,2026-03-29 07:50:00,2026-03-17 22:00:00,68517.1875,1773255900,1774734600,1773748800,2026-02-13 02:00:00,67207.96875,2026-02-22 06:00:00,68517.1875,1h
2026-02-21 17:05:00,2026-05-18 21:20:00,2026-03-22 10:30:00,82957.3828125,1771657500,1779103200,1774139400,2025-10-07 02:00:00,124986.3828125,2025-11-22 02:00:00,82957.3828125,1h
2026-03-22 17:05:00,2026-04-11 15:20:00,2026-03-29 08:30:00,67148.2890625,1774163100,1775884800,1774737000,2026-02-19 02:00:00,67699.5625,2026-03-01 18:00:00,67148.2890625,1h
2026-03-06 21:05:00,2026-03-24 22:20:00,2026-03-12 21:30:00,70299.0,1772795100,1774354800,1773315000,2026-02-06 06:00:00,65272.69140625,2026-02-15 22:00:00,70299.0,1h
2026-03-14 13:05:00,2026-03-27 14:20:00,2026-03-18 21:30:00,63851.23046875,1773457500,1774585200,1773833400,2026-02-21 22:00:00,68088.3984375,2026-02-28 22:00:00,63851.23046875,1h
2026-02-21 17:05:00,2026-03-01 18:20:00,2026-02-24 09:30:00,66202.0078125,1771657500,1772353200,1771889400,2026-02-09 02:00:00,71179.4296875,2026-02-13 10:00:00,66202.0078125,1h
2026-03-11 09:05:00,2026-03-17 05:50:00,2026-03-13 08:00:00,72692.2734375,1773183900,1773690600,1773352800,2026-03-02 06:00:00,65955.640625,2026-03-05 10:00:00,72692.2734375,1h
2026-03-22 17:05:00,2026-04-11 15:20:00,2026-03-29 08:30:00,67139.25,1774163100,1775884800,1774737000,2026-02-19 02:00:00,67659.1796875,2026-03-01 18:00:00,67139.25,1h
2026-03-22 17:05:00,2026-04-11 15:20:00,2026-03-29 08:30:00,67148.2890625,1774163100,1775884800,1774737000,2026-02-19 02:00:00,67699.5625,2026-03-01 18:00:00,67148.2890625,1h
2026-05-19 05:05:00,2026-07-14 01:50:00,2026-06-06 20:00:00,70473.9765625,1779131100,1783957800,1780740000,2026-02-19 02:00:00,67699.5625,2026-03-20 22:00:00,70473.9765625,1h
2026-05-23 17:05:00,2026-07-17 22:50:00,2026-06-11 03:00:00,70846.5703125,1779519900,1784292600,1781110800,2026-02-24 14:00:00,63579.55859375,2026-03-26 02:00:00,70846.5703125,1h
2026-05-11 13:05:00,2026-06-29 20:20:00,2026-05-27 23:30:00,70262.0,1778468700,1782728400,1779888600,2026-02-21 22:00:00,68088.3984375,2026-03-20 06:00:00,70262.0,1h
2026-03-25 21:05:00,2026-03-31 10:20:00,2026-03-27 17:30:00,70192.0703125,1774436700,1774916400,1774596600,2026-03-17 06:00:00,73972.3125,2026-03-20 06:00:00,70192.0703125,1h
2026-03-18 05:05:00,2026-03-26 13:50:00,2026-03-21 00:00:00,67241.0390625,1773774300,1774497000,1774015200,2026-03-05 02:00:00,73385.9296875,2026-03-09 14:00:00,67241.0390625,1h
2026-04-10 09:05:00,2026-04-25 14:50:00,2026-04-15 11:00:00,70558.921875,1775775900,1777092600,1776214800,2026-03-17 06:00:00,73964.1875,2026-03-25 10:00:00,70558.921875,1h
2026-02-15 01:05:00,2026-02-19 23:20:00,2026-02-16 16:30:00,69562.78125,1771081500,1771507200,1771223400,2026-02-07 10:00:00,70566.796875,2026-02-10 02:00:00,69562.78125,1h
2026-03-15 01:05:00,2026-04-06 11:20:00,2026-03-22 12:30:00,66471.8828125,1773500700,1775438400,1774146600,2026-02-07 10:00:00,70566.796875,2026-02-19 10:00:00,66471.8828125,1h
2025-10-21 05:05:00,2025-10-30 04:50:00,2025-10-24 05:00:00,112303.3203125,1760987100,1761763800,1761246000,2025-10-07 02:00:00,124966.34375,2025-10-11 22:00:00,112303.3203125,1h
2026-08-29 05:05:00,2027-03-08 09:20:00,2026-10-31 22:30:00,64176.2890625,1787943900,1804461600,1793449800,2025-10-27 14:00:00,114968.1328125,2026-02-06 14:00:00,64176.2890625,1h
2026-08-01 05:05:00,2027-01-13 03:20:00,2026-09-25 04:30:00,64176.2890625,1785524700,1799774400,1790274600,2025-11-10 14:00:00,106024.46875,2026-02-06 14:00:00,64176.2890625,1h
2026-09-02 13:05:00,2026-10-12 11:20:00,2026-09-15 20:30:00,66416.09375,1788318300,1791768000,1789468200,2026-06-30 22:00:00,59198.921875,2026-07-22 06:00:00,66416.09375,1h
2026-04-06 09:05:00,2026-04-28 11:50:00,2026-04-13 18:00:00,71863.359375,1775430300,1777341000,1776067200,2026-03-02 06:00:00,65955.640625,2026-03-14 02:00:00,71863.359375,1h
2026-03-08 05:05:00,2026-03-13 03:20:00,2026-03-09 20:30:00,68958.59375,1772910300,1773336000,1773052200,2026-02-28 14:00:00,65792.859375,2026-03-03 06:00:00,68958.59375,1h
2026-03-08 05:05:00,2026-03-13 03:20:00,2026-03-09 20:30:00,68948.4375,1772910300,1773336000,1773052200,2026-02-28 14:00:00,65795.3671875,2026-03-03 06:00:00,68948.4375,1h
2026-04-01 05:05:00,2026-04-21 03:20:00,2026-04-07 20:30:00,70034.2890625,1774983900,1776705600,1775557800,2026-02-28 14:00:00,65795.3671875,2026-03-11 06:00:00,70034.2890625,1h
2026-04-02 21:05:00,2026-04-18 10:20:00,2026-04-08 01:30:00,74554.9921875,1775127900,1776471600,1775575800,2026-03-09 06:00:00,67254.4296875,2026-03-17 14:00:00,74554.9921875,1h
2026-06-03 21:05:00,2026-08-16 13:20:00,2026-06-28 10:30:00,74456.6484375,1780484700,1786850400,1782606600,2026-02-06 06:00:00,65272.69140625,2026-03-17 14:00:00,74456.6484375,1h
2026-06-03 21:05:00,2026-08-16 13:20:00,2026-06-28 10:30:00,74554.9921875,1780484700,1786850400,1782606600,2026-02-06 06:00:00,65272.33984375,2026-03-17 14:00:00,74554.9921875,1h
2025-11-12 17:05:00,2026-09-18 07:50:00,2026-02-23 22:00:00,106808.8125,1762931100,1789681800,1771848000,2024-07-05 14:00:00,55226.01171875,2024-12-17 18:00:00,106808.8125,1h
2026-06-16 09:05:00,2026-08-17 11:50:00,2026-07-07 02:00:00,72229.953125,1781564700,1786931400,1783353600,2026-03-09 06:00:00,67254.4296875,2026-04-11 10:00:00,72229.953125,1h
2026-04-25 21:05:00,2026-05-20 19:20:00,2026-05-04 04:30:00,67175.1015625,1777115100,1779268800,1777833000,2026-03-17 06:00:00,73964.1875,2026-03-30 14:00:00,67175.1015625,1h
2026-04-28 09:05:00,2026-06-18 05:50:00,2026-05-15 08:00:00,72672.5390625,1777331100,1781725800,1778796000,2026-02-06 06:00:00,65272.69140625,2026-03-05 10:00:00,72672.5390625,1h
2026-04-20 05:05:00,2026-05-22 00:20:00,2026-04-30 19:30:00,74554.9921875,1776625500,1779373200,1777541400,2026-02-28 14:00:00,65792.859375,2026-03-17 14:00:00,74554.9921875,1h
2026-05-04 09:05:00,2026-08-14 19:20:00,2026-06-07 12:30:00,96901.3828125,1777849500,1786699200,1780799400,2025-11-21 18:00:00,83978.578125,2026-01-15 10:00:00,96901.3828125,1h
2026-05-07 17:05:00,2026-11-23 00:20:00,2026-07-13 03:30:00,124680.296875,1778137500,1795357200,1783877400,2025-06-23 02:00:00,99079.7890625,2025-10-07 10:00:00,124680.296875,1h
2026-04-22 21:05:00,2026-05-07 19:20:00,2026-04-27 20:30:00,69648.25,1776855900,1778145600,1777285800,2026-03-30 06:00:00,66371.609375,2026-04-07 06:00:00,69648.25,1h
2026-03-31 09:05:00,2026-04-05 14:50:00,2026-04-02 03:00:00,70822.3125,1774911900,1775364600,1775062800,2026-03-23 06:00:00,68217.46875,2026-03-26 02:00:00,70822.3125,1h
2026-04-21 21:05:00,2026-05-10 13:20:00,2026-04-28 02:30:00,68169.96875,1776769500,1778383200,1777307400,2026-03-23 06:00:00,68217.46875,2026-04-02 06:00:00,68169.96875,1h
2026-04-21 21:05:00,2026-05-10 13:20:00,2026-04-28 02:30:00,68169.96875,1776769500,1778383200,1777307400,2026-03-23 06:00:00,68217.46875,2026-04-02 06:00:00,68169.96875,1h
2026-05-23 17:05:00,2026-07-17 22:50:00,2026-06-11 03:00:00,70846.5703125,1779519900,1784292600,1781110800,2026-02-24 14:00:00,63579.55859375,2026-03-26 02:00:00,70846.5703125,1h
2026-03-12 05:05:00,2026-03-29 07:50:00,2026-03-17 22:00:00,68517.1875,1773255900,1774734600,1773748800,2026-02-13 02:00:00,67207.96875,2026-02-22 06:00:00,68517.1875,1h
2026-05-31 05:05:00,2026-08-06 07:50:00,2026-06-22 14:00:00,70515.71875,1780167900,1785966600,1782100800,2026-02-13 02:00:00,67207.96875,2026-03-20 22:00:00,70515.71875,1h
2026-04-25 21:05:00,2026-05-20 19:20:00,2026-05-04 04:30:00,67183.296875,1777115100,1779268800,1777833000,2026-03-17 06:00:00,73972.3125,2026-03-30 14:00:00,67183.296875,1h
2026-04-01 05:05:00,2026-04-22 16:50:00,2026-04-08 09:00:00,67241.0390625,1774983900,1776840600,1775602800,2026-02-26 02:00:00,67398.3203125,2026-03-09 14:00:00,67241.0390625,1h
2026-04-22 05:05:00,2026-06-02 09:20:00,2026-05-05 22:30:00,67206.71875,1776798300,1780356000,1777984200,2026-02-15 14:00:00,69993.65625,2026-03-09 14:00:00,67206.71875,1h
2026-04-28 09:05:00,2026-05-29 20:50:00,2026-05-08 21:00:00,70822.3125,1777331100,1780051800,1778238000,2026-03-09 06:00:00,67326.59375,2026-03-26 02:00:00,70822.3125,1h
2026-10-19 21:05:00,2027-01-31 20:50:00,2026-11-23 13:00:00,58815.51953125,1792407900,1801392600,1795402800,2026-05-06 18:00:00,81369.2734375,2026-07-01 06:00:00,58815.51953125,1h
2026-05-23 17:05:00,2026-07-17 22:50:00,2026-06-11 03:00:00,70846.5703125,1779519900,1784292600,1781110800,2026-02-24 14:00:00,63579.55859375,2026-03-26 02:00:00,70846.5703125,1h
2026-03-14 17:05:00,2026-03-23 16:50:00,2026-03-17 17:00:00,72692.2734375,1773471900,1774248600,1773730800,2026-02-28 14:00:00,65792.859375,2026-03-05 10:00:00,72692.2734375,1h
2026-04-28 05:05:00,2026-06-06 12:20:00,2026-05-11 07:30:00,74456.6484375,1777316700,1780712400,1778448600,2026-02-24 14:00:00,63590.62109375,2026-03-17 14:00:00,74456.6484375,1h
2026-04-20 05:05:00,2026-05-22 00:20:00,2026-04-30 19:30:00,74456.6484375,1776625500,1779373200,1777541400,2026-02-28 14:00:00,65795.3671875,2026-03-17 14:00:00,74456.6484375,1h
2026-04-25 21:05:00,2026-05-20 19:20:00,2026-05-04 04:30:00,67175.1015625,1777115100,1779268800,1777833000,2026-03-17 06:00:00,73964.1875,2026-03-30 14:00:00,67175.1015625,1h
2026-05-06 01:05:00,2026-05-11 14:20:00,2026-05-07 21:30:00,75837.671875,1777993500,1778473200,1778153400,2026-04-27 10:00:00,78777.0703125,2026-04-30 10:00:00,75837.671875,1h
2026-05-15 01:05:00,2026-05-29 00:50:00,2026-05-19 17:00:00,75785.890625,1778771100,1779979800,1779174000,2026-04-22 22:00:00,78289.4375,2026-04-30 10:00:00,75785.890625,1h
2026-05-06 01:05:00,2026-05-11 14:20:00,2026-05-07 21:30:00,75837.671875,1777993500,1778473200,1778153400,2026-04-27 10:00:00,78777.0703125,2026-04-30 10:00:00,75837.671875,1h
2026-06-09 21:05:00,2026-07-24 19:20:00,2026-06-24 20:30:00,78832.578125,1781003100,1784884800,1782297000,2026-03-30 06:00:00,66344.4609375,2026-04-23 06:00:00,78832.578125,1h
2026-06-03 21:05:00,2026-08-16 13:20:00,2026-06-28 10:30:00,74554.9921875,1780484700,1786850400,1782606600,2026-02-06 06:00:00,65272.33984375,2026-03-17 14:00:00,74554.9921875,1h
2026-05-08 05:05:00,2026-05-22 12:20:00,2026-05-12 23:30:00,78832.578125,1778180700,1779416400,1778592600,2026-04-15 14:00:00,74340.5234375,2026-04-23 06:00:00,78832.578125,1h
2026-04-28 21:05:00,2026-05-04 10:20:00,2026-04-30 17:30:00,78826.2890625,1777374300,1777854000,1777534200,2026-04-20 06:00:00,74951.7890625,2026-04-23 06:00:00,78826.2890625,1h
2026-05-15 01:05:00,2026-05-29 00:50:00,2026-05-19 17:00:00,75785.890625,1778771100,1779979800,1779174000,2026-04-22 22:00:00,78289.4375,2026-04-30 10:00:00,75785.890625,1h
2026-05-20 17:05:00,2026-06-02 18:20:00,2026-05-25 01:30:00,81709.140625,1779260700,1780388400,1779636600,2026-04-30 02:00:00,75920.0078125,2026-05-07 02:00:00,81709.140625,1h
2026-05-12 09:05:00,2026-05-16 01:20:00,2026-05-13 14:30:00,79683.546875,1778540700,1778858400,1778646600,2026-05-06 18:00:00,81369.2734375,2026-05-08 18:00:00,79683.546875,1h
2026-05-19 21:05:00,2026-05-25 10:20:00,2026-05-21 17:30:00,81025.6328125,1779188700,1779668400,1779348600,2026-05-11 06:00:00,81426.21875,2026-05-14 06:00:00,81025.6328125,1h
2026-06-03 21:05:00,2026-08-16 13:20:00,2026-06-28 10:30:00,74554.9921875,1780484700,1786850400,1782606600,2026-02-06 06:00:00,65272.33984375,2026-03-17 14:00:00,74554.9921875,1h
2026-05-28 21:05:00,2026-06-11 20:50:00,2026-06-02 13:00:00,79694.8671875,1779966300,1781175000,1780369200,2026-05-06 18:00:00,81342.7265625,2026-05-14 06:00:00,79694.8671875,1h
2026-05-27 01:05:00,2026-06-01 06:50:00,2026-05-28 19:00:00,78188.578125,1779807900,1780260600,1779958800,2026-05-18 22:00:00,78188.578125,2026-05-21 18:00:00,78188.578125,1h
2026-05-15 01:05:00,2026-05-29 00:50:00,2026-05-19 17:00:00,75837.671875,1778771100,1779979800,1779174000,2026-04-22 22:00:00,78237.7109375,2026-04-30 10:00:00,75837.671875,1h
2026-05-28 13:05:00,2026-06-02 03:50:00,2026-05-30 02:00:00,74803.8203125,1779937500,1780336200,1780070400,2026-05-21 10:00:00,77564.53125,2026-05-23 22:00:00,74803.8203125,1h
2026-06-04 13:05:00,2026-06-10 17:20:00,2026-06-06 14:30:00,73442.5,1780542300,1781076000,1780720200,2026-05-25 22:00:00,77346.859375,2026-05-29 06:00:00,73442.5,1h
2026-10-09 05:05:00,2027-05-26 19:50:00,2026-12-24 18:00:00,64111.0,1791486300,1811325000,1798099200,2025-10-07 02:00:00,124986.3828125,2026-02-06 14:00:00,64111.0,1h
2026-08-26 05:05:00,2027-01-12 19:50:00,2026-10-11 18:00:00,67183.296875,1787684700,1799747400,1791705600,2026-01-15 02:00:00,96784.203125,2026-03-30 14:00:00,67183.296875,1h
2026-05-17 05:05:00,2026-08-01 16:50:00,2026-06-11 17:00:00,63235.1484375,1778958300,1785567000,1781161200,2026-01-15 02:00:00,96768.609375,2026-02-24 22:00:00,63235.1484375,1h
2026-05-29 05:05:00,2026-08-21 04:50:00,2026-06-26 05:00:00,63915.80859375,1779995100,1787251800,1782414000,2026-01-15 02:00:00,96784.203125,2026-02-28 22:00:00,63915.80859375,1h
2026-05-20 05:05:00,2026-07-06 22:50:00,2026-06-05 03:00:00,67183.296875,1779217500,1783342200,1780592400,2026-03-05 02:00:00,73424.2265625,2026-03-30 14:00:00,67183.296875,1h
2026-08-30 01:05:00,2026-09-23 15:50:00,2026-09-07 06:00:00,63692.73046875,1788015900,1790142600,1788724800,2026-07-21 22:00:00,66326.5703125,2026-08-04 02:00:00,63692.73046875,1h
2026-06-05 13:05:00,2026-06-08 21:50:00,2026-06-06 16:00:00,71663.7265625,1780628700,1780919400,1780725600,2026-05-31 10:00:00,73922.3515625,2026-06-02 06:00:00,71663.7265625,1h
2026-10-04 01:05:00,2027-09-08 08:20:00,2027-01-25 03:30:00,124668.40625,1791039900,1820355600,1800811800,2025-04-09 10:00:00,76343.1171875,2025-10-07 10:00:00,124668.40625,1h
2026-06-10 05:05:00,2026-06-26 16:50:00,2026-06-15 17:00:00,74803.2890625,1781031900,1782456600,1781506800,2026-05-15 02:00:00,81484.3515625,2026-05-23 22:00:00,74803.2890625,1h
2026-08-01 05:05:00,2027-01-13 03:20:00,2026-09-25 04:30:00,64111.0,1785524700,1799774400,1790274600,2025-11-10 14:00:00,106044.9921875,2026-02-06 14:00:00,64111.0,1h
2026-02-21 17:05:00,2026-05-18 21:20:00,2026-03-22 10:30:00,82933.921875,1771657500,1779103200,1774139400,2025-10-07 02:00:00,124966.34375,2025-11-22 02:00:00,82933.921875,1h
2026-06-10 01:05:00,2026-06-13 17:20:00,2026-06-11 06:30:00,61062.12109375,1781017500,1781335200,1781123400,2026-06-04 10:00:00,64138.08984375,2026-06-06 10:00:00,61062.12109375,1h
2026-08-02 13:05:00,2026-08-09 23:20:00,2026-08-05 00:30:00,64090.921875,1785639900,1786281600,1785853800,2026-07-21 22:00:00,66326.5703125,2026-07-25 22:00:00,64090.921875,1h
2026-06-15 01:05:00,2026-06-19 00:50:00,2026-06-16 09:00:00,62581.44921875,1781449500,1781794200,1781564400,2026-06-08 22:00:00,63587.171875,2026-06-11 02:00:00,62581.44921875,1h
2026-06-15 01:05:00,2026-06-19 00:50:00,2026-06-16 09:00:00,62581.44921875,1781449500,1781794200,1781564400,2026-06-08 22:00:00,63587.171875,2026-06-11 02:00:00,62581.44921875,1h
2026-06-23 01:05:00,2026-07-04 12:50:00,2026-06-26 21:00:00,62581.44921875,1782140700,1783133400,1782471600,2026-06-04 22:00:00,62527.23046875,2026-06-11 02:00:00,62581.44921875,1h
2026-06-18 01:05:00,2026-06-29 05:20:00,2026-06-21 18:30:00,61199.0,1781708700,1782674400,1782030600,2026-05-31 10:00:00,73922.3515625,2026-06-06 10:00:00,61199.0,1h
2026-06-24 01:05:00,2026-07-06 11:20:00,2026-06-28 04:30:00,62581.44921875,1782227100,1783300800,1782585000,2026-06-04 10:00:00,64339.390625,2026-06-11 02:00:00,62581.44921875,1h
2026-06-22 01:05:00,2026-06-26 00:50:00,2026-06-23 09:00:00,65666.9765625,1782054300,1782399000,1782169200,2026-06-15 22:00:00,65666.9765625,2026-06-18 02:00:00,65666.9765625,1h
2026-06-26 21:05:00,2026-07-28 23:50:00,2026-07-07 14:00:00,74803.2890625,1782471900,1785246600,1783396800,2026-05-06 18:00:00,81342.7265625,2026-05-23 22:00:00,74803.2890625,1h
2026-06-25 13:05:00,2026-07-01 17:20:00,2026-06-27 14:30:00,63126.1796875,1782356700,1782890400,1782534600,2026-06-15 22:00:00,66249.109375,2026-06-19 06:00:00,63126.1796875,1h
2026-08-06 09:05:00,2026-10-02 19:20:00,2026-08-25 12:30:00,61062.12109375,1785971100,1790932800,1787625000,2026-05-06 18:00:00,81369.2734375,2026-06-06 10:00:00,61062.12109375,1h
2026-07-06 05:05:00,2026-07-25 04:50:00,2026-07-12 13:00:00,66618.1171875,1783278300,1784919000,1783825200,2026-06-06 02:00:00,60426.359375,2026-06-16 06:00:00,66618.1171875,1h
2026-11-01 18:05:00,2027-04-18 15:35:00,2026-12-27 17:15:00,82198.9296875,1793520300,1808026500,1798355700,2026-02-06 09:00:00,63922.94921875,2026-05-06 23:00:00,82198.9296875,1h
2026-07-21 09:05:00,2026-09-30 05:50:00,2026-08-14 00:00:00,81709.5390625,1784588700,1790711400,1786629600,2026-03-30 06:00:00,66371.609375,2026-05-07 02:00:00,81709.5390625,1h
2026-05-07 17:05:00,2026-11-23 00:20:00,2026-07-13 03:30:00,124668.40625,1778137500,1795357200,1783877400,2025-06-23 02:00:00,98932.296875,2025-10-07 10:00:00,124668.40625,1h
2026-05-07 17:05:00,2026-11-23 00:20:00,2026-07-13 03:30:00,124668.40625,1778137500,1795357200,1783877400,2025-06-23 02:00:00,98932.296875,2025-10-07 10:00:00,124668.40625,1h
2025-10-08 01:05:00,2025-11-11 08:20:00,2025-10-19 11:30:00,109413.78125,1759849500,1762813200,1760837400,2025-08-14 10:00:00,123307.0,2025-09-01 18:00:00,109413.78125,1h
2026-07-01 13:05:00,2026-07-09 14:20:00,2026-07-04 05:30:00,64483.01171875,1782875100,1783570800,1783107000,2026-06-18 22:00:00,64011.48046875,2026-06-23 06:00:00,64483.01171875,1h
2026-07-13 17:05:00,2026-12-29 01:50:00,2026-09-07 20:00:00,96901.3828125,1783926300,1798473000,1788775200,2025-10-17 14:00:00,109131.390625,2026-01-15 10:00:00,96901.3828125,1h
2025-08-26 01:05:00,2025-10-24 23:20:00,2025-09-15 00:30:00,100969.0,1756134300,1761312000,1757860200,2025-05-22 10:00:00,109640.5078125,2025-06-23 10:00:00,100969.0,1h
2026-07-31 13:05:00,2026-08-29 05:20:00,2026-08-10 02:30:00,58752.9296875,1785467100,1787944800,1786293000,2026-06-15 22:00:00,66249.109375,2026-07-01 06:00:00,58752.9296875,1h
2026-07-20 13:05:00,2026-08-01 23:20:00,2026-07-24 16:30:00,63170.421875,1784516700,1785590400,1784874600,2026-06-30 22:00:00,59198.921875,2026-07-07 14:00:00,63170.421875,1h
2026-07-20 13:05:00,2026-08-01 23:20:00,2026-07-24 16:30:00,63170.421875,1784516700,1785590400,1784874600,2026-06-30 22:00:00,59198.921875,2026-07-07 14:00:00,63170.421875,1h
2025-12-23 09:05:00,2026-11-03 22:20:00,2026-04-07 13:30:00,104953.78125,1766444700,1793708400,1775532600,2024-08-05 18:00:00,52701.91015625,2025-01-21 02:00:00,104953.78125,1h
2026-08-22 21:05:00,2026-09-03 23:50:00,2026-08-26 22:00:00,65180.66015625,1787396700,1788443400,1787745600,2026-08-03 18:00:00,62640.12890625,2026-08-10 06:00:00,65180.66015625,1h
2026-08-25 01:05:00,2026-09-03 15:50:00,2026-08-28 06:00:00,62990.94140625,1787583900,1788414600,1787860800,2026-08-09 22:00:00,64950.01171875,2026-08-15 02:00:00,62990.94140625,1h
2026-08-11 01:05:00,2026-08-23 18:50:00,2026-08-15 07:00:00,63503.69921875,1786374300,1787475000,1786741200,2026-07-21 22:00:00,66304.9921875,2026-07-28 18:00:00,63503.69921875,1h
2025-06-17 21:05:00,2025-08-23 16:20:00,2025-07-10 03:30:00,76885.5,1750158300,1755930000,1752082200,2025-03-03 06:00:00,93552.703125,2025-04-07 22:00:00,76885.5,1h
2025-09-11 17:05:00,2025-10-18 19:50:00,2025-09-24 02:00:00,112570.65625,1757574300,1760781000,1758643200,2025-07-14 14:00:00,120771.0,2025-08-03 10:00:00,112570.65625,1h
2025-05-05 13:05:00,2025-05-31 17:20:00,2025-05-14 06:30:00,76677.5,1746414300,1748676000,1747168200,2025-03-24 22:00:00,87690.1015625,2025-04-07 22:00:00,76677.5,1h
2025-06-11 13:05:00,2025-08-11 09:50:00,2025-07-01 20:00:00,76677.5,1749611100,1754869800,1751364000,2025-03-06 10:00:00,90611.5703125,2025-04-07 22:00:00,76677.5,1h
2026-02-07 17:05:00,2026-04-21 18:20:00,2026-03-04 01:30:00,82957.3828125,1770447900,1776759600,1772551800,2025-10-14 02:00:00,114290.0,2025-11-22 02:00:00,82957.3828125,1h
2026-06-09 09:05:00,2026-07-10 20:50:00,2026-06-19 21:00:00,81709.140625,1780959900,1783680600,1781866800,2026-04-20 06:00:00,74972.59375,2026-05-07 02:00:00,81709.140625,1h
2026-06-23 09:05:00,2026-08-06 23:50:00,2026-07-08 06:00:00,81709.5390625,1782169500,1786024200,1783454400,2026-04-13 06:00:00,71082.1171875,2026-05-07 02:00:00,81709.5390625,1h
2028-02-09 09:05:00,2030-04-21 04:20:00,2028-11-02 15:30:00,124680.296875,1833663900,1902939600,1856755800,2024-08-05 18:00:00,52702.51171875,2025-10-07 10:00:00,124680.296875,1h
2026-08-30 13:05:00,2026-09-01 23:20:00,2026-08-31 08:30:00,79910.1875,1788059100,1788268800,1788129000,2026-08-26 22:00:00,78487.2578125,2026-08-28 06:00:00,79910.1875,1h
2026-03-10 17:05:00,2026-04-30 21:20:00,2026-03-27 18:30:00,96901.3828125,1773126300,1777548000,1774600200,2025-12-19 02:00:00,88423.296875,2026-01-15 10:00:00,96901.3828125,1h
2026-08-29 08:05:00,2026-09-02 00:20:00,2026-08-30 13:30:00,80627.390625,1787954700,1788272400,1788060600,2026-08-23 17:00:00,76054.0,2026-08-25 17:00:00,80627.390625,1h
2026-10-19 06:05:00,2027-01-30 18:35:00,2026-11-22 18:15:00,58472.66015625,1792353900,1801298100,1795335300,2026-05-06 21:00:00,82295.0078125,2026-07-01 03:00:00,58472.66015625,1h
2026-09-06 17:05:00,2026-09-15 14:57:30,2026-09-09 16:22:30,80416.84375,1788678300,1789448250,1788934950,2026-08-23 17:00:00,76054.0,2026-08-28 12:00:00,80416.84375,1h
2026-09-08 04:05:00,2026-09-12 01:57:30,2026-09-09 11:22:30,81473.0,1788804300,1789142250,1788916950,2026-09-02 04:00:00,77265.7890625,2026-09-04 07:00:00,81473.0,1h
2026-10-01 21:05:00,2026-11-15 23:05:00,2026-10-16 21:45:00,62990.94140625,1790852700,1794747900,1792151100,2026-07-22 00:00:00,66754.90625,2026-08-15 02:00:00,62990.94140625,1h
2026-09-27 02:05:00,2026-10-18 17:35:00,2026-10-04 07:15:00,81457.046875,1790438700,1792308900,1791062100,2026-08-23 17:00:00,76054.0,2026-09-04 07:00:00,81457.046875,1h
2026-09-08 11:05:00,2026-09-13 20:35:00,2026-09-10 06:15:00,77146.0,1788829500,1789295700,1788984900,2026-08-31 02:00:00,78823.6171875,2026-09-03 00:00:00,77146.0,1h
2026-09-06 07:05:00,2026-09-09 15:50:00,2026-09-07 10:00:00,77111.9921875,1788642300,1788933000,1788739200,2026-09-01 04:00:00,78840.828125,2026-09-03 00:00:00,77111.9921875,1h
2026-09-15 22:05:00,2026-09-27 02:20:00,2026-09-19 15:30:00,81457.046875,1789473900,1790439600,1789795800,2026-08-29 07:00:00,77418.828125,2026-09-04 07:00:00,81457.046875,1h
2026-09-25 14:05:00,2027-02-05 15:20:00,2026-11-08 22:30:00,82198.9296875,1790309100,1801804800,1794141000,2026-02-24 23:00:00,62978.44140625,2026-05-06 23:00:00,82198.9296875,1h
2026-09-14 12:05:00,2026-09-17 15:12:30,2026-09-15 13:07:30,76925.7109375,1789351500,1789621950,1789441650,2026-09-09 18:00:00,79272.3984375,2026-09-11 11:00:00,76925.7109375,1h
2026-09-25 14:05:00,2026-10-09 02:35:00,2026-09-30 02:15:00,76908.59375,1790309100,1791477300,1790698500,2026-09-04 05:00:00,81254.3125,2026-09-11 11:00:00,76908.59375,1h
2026-09-19 06:05:00,2026-09-26 20:05:00,2026-09-21 18:45:00,76925.7109375,1789761900,1790417100,1789980300,2026-09-07 09:00:00,80051.328125,2026-09-11 11:00:00,76925.7109375,1h
2026-09-17 14:05:00,2026-09-23 14:35:00,2026-09-19 14:15:00,76908.59375,1789617900,1790138100,1789791300,2026-09-08 05:00:00,79196.1484375,2026-09-11 11:00:00,76908.59375,1h
2026-09-18 04:05:00,2026-09-24 17:42:30,2026-09-20 08:37:30,76925.7109375,1789668300,1790235750,1789857450,2026-09-07 22:00:00,79423.96875,2026-09-11 11:00:00,76925.7109375,1h
2026-09-11 12:05:00,2026-09-18 12:57:30,2026-09-13 20:22:30,81473.0,1789092300,1789700250,1789294950,2026-08-31 12:00:00,77640.9296875,2026-09-04 07:00:00,81473.0,1h
